group,asin,date,product_name,at_risk_sales
E_chemical,B0CL13VN2N,Jun 4 2026,SCIGRIP IPS Weld-On #3 Acrylic Adhesive DCM & TCE Free (Quart),$4394
D_other_plastic,B09VJFR73G,Jun 3 2026,Polycarbonate Round Rod Clear 1in OD x 12in L,none
A_hdpe_cutboard,B0D8BX24M6,May 29 2026,HDPE Cutting Board Sheet Red 3/4 x 30x48,none
A_hdpe_cutboard,B0D8BZXQ6B,May 29 2026,HDPE Cutting Board Sheet Black 3/8 x 18x42,none
A_hdpe_cutboard,B07JWMH4X7,May 29 2026,HDPE Cutting Board Sheet Green 3/4 x 12x36,none
A_hdpe_cutboard,B07JJLMJKR,May 27 2026,HDPE Cutting Board Sheet Blue 3/4 x 12x24,none
A_hdpe_cutboard,B07JJ357J6,May 27 2026,HDPE Cutting Board Sheet Green 1/2 x 30x30,none
A_hdpe_cutboard,B0D8CJXDCN,May 27 2026,HDPE Cutting Board Sheet Red 1 x 36x42,none
B_woodgrain,B08L43TL6C,May 27 2026,Whitewash Woodgrain HDPE Sheet 1/2 x 18x60,none
B_woodgrain,B08L45WTZ7,May 27 2026,Teak Woodgrain HDPE Sheet 1/2 x 18x36,none
A_hdpe_cutboard,B0D8C8GXJV,May 24 2026,HDPE Cutting Board Sheet Red 1 x 12x18,none
A_hdpe_cutboard,B0D8C6B3RM,May 24 2026,HDPE Cutting Board Sheet Black 1 x 18x36,none
A_hdpe_cutboard,B07JJYHVJV,May 24 2026,HDPE Cutting Board Sheet Yellow 1/2 x 18x24,none
A_hdpe_cutboard,B07JHFMMQ7,May 23 2026,HDPE Cutting Board Sheet Natural White 5/8 x 30x36,none
B_woodgrain,B08L45ZP1X,May 23 2026,HDPE Sheet Woodgrain,none
A_hdpe_cutboard,B0D8BWM35G,May 23 2026,HDPE Cutting Board Sheet Red 3/4 x 24x48,none
A_hdpe_cutboard,B07JJYK953,May 23 2026,HDPE Cutting Board Sheet Blue 3/4 x 36x36,none
A_hdpe_cutboard,B07XYDHC3B,May 23 2026,HDPE Cutting Board Sheet Beige 1/2 x 36x36,none
B_woodgrain,B08L43Y89Z,May 20 2026,Dark Ash Woodgrain HDPE Sheet 3/4 x 18x54,none
B_woodgrain,B08L44HHR5,May 20 2026,Dark Ash Woodgrain HDPE Sheet 3/4 x 12x54,none
A_hdpe_cutboard,B07JHF8LP1,May 20 2026,HDPE Cutting Board Sheet Yellow 1/2 x 36x36,none
A_hdpe_cutboard,B09L8P59CZ,May 20 2026,HDPE Cutting Board Sheet White 3/8 x 24x48,none
A_hdpe_cutboard,B07JJ356SQ,May 20 2026,HDPE Cutting Board Sheet Red 1/2 x 12x42,none
A_hdpe_cutboard,B07XYCVJC8,May 20 2026,HDPE Cutting Board Sheet Beige 1/2 x 24x48,none
A_hdpe_cutboard,B07JHFFHN3,May 20 2026,HDPE Cutting Board Sheet Red 1/2 x 12x36,none
A_hdpe_cutboard,B07JHFFDZX,May 19 2026,HDPE Cutting Board Sheet Yellow 1/2 x 18x18,none
B_woodgrain,B08L43928G,May 17 2026,Weatherwood Woodgrain HDPE Sheet 1/2 x 18x48,none
B_woodgrain,B08L44BPJY,May 17 2026,Whitewash Woodgrain HDPE Sheet 1/2 x 12x54,none
A_hdpe_cutboard,B09RRV25DH,May 17 2026,HDPE Cutting Board Sheet White 3/8 x 18x18,none
A_hdpe_cutboard,B07JHF8LW7,May 17 2026,HDPE Cutting Board Sheet Yellow 1/2 x 24x48,none
A_hdpe_cutboard,B09MJQXVY5,May 17 2026,HDPE Cutting Board Sheet White 12x18,none
A_hdpe_cutboard,B07JJ2Y3HH,May 17 2026,HDPE Cutting Board Sheet Green 3/4 x 12x30,none
D_other_plastic,B00FMY7M82,May 17 2026,UHMW Sheet Virgin Natural 24x48x1/16,none
A_hdpe_cutboard,B07JJ2XN7R,May 17 2026,HDPE Cutting Board Sheet Yellow 1/2 x 12x42,none
D_other_plastic,B09LVZ174P,May 17 2026,Polycarbonate Sheet Clear,none
D_other_plastic,B00CJLI6NG,May 17 2026,Cast Acrylic Round Rod Clear 2-1/2 OD x 60 L,none
B_woodgrain,B08L4365ZT,May 16 2026,Whitewash Woodgrain HDPE Sheet 3/4 x 12x18,$64
C_oem_cutboard,B0DLLBH7L2,May 16 2026,Cutting Board OEM Continental 9-13/16 x 72,$111
B_woodgrain,B08L43YDD7,May 16 2026,Mahogany Woodgrain HDPE Sheet 3/4 x 12x48,none
A_hdpe_cutboard,B07JJ2XMN6,May 15 2026,HDPE Cutting Board Sheet Natural White 5/8 x 24x42,none
B_woodgrain,B08L447HGG,May 15 2026,Weatherwood Woodgrain HDPE Sheet 1/2 x 30x48,none
A_hdpe_cutboard,B07JJCFW79,May 15 2026,HDPE Cutting Board Sheet White 5/8 x 18x24,none
A_hdpe_cutboard,B09L8NN317,May 15 2026,HDPE Cutting Board Sheet White 1/4 x 24x36,none
A_hdpe_cutboard,B0D8CZ12M8,May 15 2026,HDPE Cutting Board Sheet Red 1 x 36x48,none
C_oem_cutboard,B0DLL6WW12,May 15 2026,Cutting Board OEM Continental 11-13/16 x 48 5-270,none
C_oem_cutboard,B0DLL875GZ,May 15 2026,Cutting Board OEM Continental 18-7/8 x 43 5-306,none
C_oem_cutboard,B0GY24W4PL,May 15 2026,Cutting Board OEM Norlake 20 x 59.5 RLAKE,none
A_hdpe_cutboard,B07JJYHVQ5,May 15 2026,HDPE Cutting Board Sheet Green 3/4 x 18x42,none
A_hdpe_cutboard,B07JJ35G72,May 13 2026,HDPE Cutting Board Sheet Green 3/4 x 24x48,none
A_hdpe_cutboard,B0D8BX3J12,May 13 2026,HDPE Cutting Board Sheet Beige 3/4 x 12x48,none
A_hdpe_cutboard,B09LWKLV7V,May 13 2026,HDPE Cutting Board Sheet Blue 1/2 x 18x42,none
A_hdpe_cutboard,B07JJBNL2H,May 13 2026,HDPE Cutting Board Sheet Blue 3/4 x 36x42,none
A_hdpe_cutboard,B0C9R9TK4Y,May 13 2026,HDPE Cutting Board Sheet Black 3/8 x 36x48,none
A_hdpe_cutboard,B07JHFFJ2P,May 13 2026,HDPE Cutting Board Sheet Blue 3/4 x 24x42,none
A_hdpe_cutboard,B09L8LXJPZ,May 13 2026,HDPE Cutting Board Sheet Natural White 1/2 x 18x42,$250
A_hdpe_cutboard,B0D8C2SD3P,May 13 2026,HDPE Cutting Board Sheet Black 1 x 30x48,none
C_oem_cutboard,B0DKPHJT24,May 13 2026,Cutting Board OEM Turbo Air 9.5 x 59 BS51900201,none
A_hdpe_cutboard,B09L8NZ7GM,May 13 2026,HDPE Cutting Board Sheet White 1/4 x 18x18,$51
A_hdpe_cutboard,B07JJ38YM1,May 13 2026,HDPE Cutting Board Sheet Blue 3/4 x 12x18,none
A_hdpe_cutboard,B07JWN51GJ,May 10 2026,HDPE Cutting Board Sheet Blue 3/4 x 30x48,none
A_hdpe_cutboard,B07JHFM1Q2,May 10 2026,HDPE Cutting Board Sheet Black 1/4 x 18x48,none
A_hdpe_cutboard,B0D8BT1X3H,May 10 2026,HDPE Cutting Board Sheet Beige 3/4 x 24x30,none
A_hdpe_cutboard,B07JJ2QCRF,May 10 2026,HDPE Cutting Board Sheet White 5/8 x 12x12,none
A_hdpe_cutboard,B07JJLDT1F,May 10 2026,HDPE Cutting Board Sheet Yellow 1/2 x 24x30,none
B_woodgrain,B08L4497CT,May 10 2026,Dark Ash Woodgrain HDPE Sheet 1/2 x 12x36,none
A_hdpe_cutboard,B0D8BSMB7X,May 10 2026,HDPE Cutting Board Sheet Red 3/4 x 12x42,none
A_hdpe_cutboard,B0D8BXZ3NC,May 10 2026,HDPE Cutting Board Sheet Red 3/4 x 12x24,none
A_hdpe_cutboard,B0D8CVRHHJ,May 10 2026,HDPE Cutting Board Sheet Red 1 x 24x42,none
A_hdpe_cutboard,B07JHFFTQM,May 10 2026,HDPE Cutting Board Sheet Red 1/2 x 18x30,none
C_oem_cutboard,B0DLL8MTKV,May 8 2026,Cutting Board OEM Continental 18-7/8 x 68 5-307,none
A_hdpe_cutboard,B09L8NT6D9,May 8 2026,HDPE Cutting Board Sheet White 1/4 x 18x30,$64
A_hdpe_cutboard,B07JJV8FKH,May 8 2026,HDPE Cutting Board Sheet Black 1/4 x 12x42,$70
A_hdpe_cutboard,B07JJYHX4F,May 8 2026,HDPE Cutting Board Sheet Blue 3/4 x 36x48,none
A_hdpe_cutboard,B07JJBW46W,May 8 2026,HDPE Cutting Board Sheet Blue 3/4 x 30x36,none
B_woodgrain,B08L465PH3,May 8 2026,HDPE Sheet Woodgrain,none
C_oem_cutboard,B0DLL6763T,May 8 2026,Cutting Board OEM Continental 11-13/16 x 68 5-407,none
A_hdpe_cutboard,B0D8BYXP9B,May 8 2026,HDPE Cutting Board Sheet Red 3/4 x 12x48,none
A_hdpe_cutboard,B0D89841J2,May 8 2026,HDPE Cutting Board Sheet Green 1/2 x 12x36,none
A_hdpe_cutboard,B07JJYHRZ5,May 8 2026,HDPE Cutting Board Sheet Blue 3/4 x 24x36,none
A_hdpe_cutboard,B07JJLP2JV,May 8 2026,HDPE Cutting Board Sheet Blue 3/4 x 12x36,none
C_oem_cutboard,B0DKPHL8MD,May 8 2026,Cutting Board OEM Continental 18-7/8 x 46.5 5-308,none
A_hdpe_cutboard,B07JHF8P1B,May 8 2026,HDPE Cutting Board Sheet Black 1/4 x 36x48,$645
D_other_plastic,B07J9RQKFD,May 8 2026,Marine Grade HDPE Polar White 3/4 x 12x24,none
C_oem_cutboard,B0DKPFYB53,May 8 2026,Cutting Board OEM Kairak 15 x 27,$64
A_hdpe_cutboard,B0GY2429XC,May 8 2026,(no product name listed),none
A_hdpe_cutboard,B07JJC64ST,May 8 2026,HDPE Cutting Board Sheet White 5/8 x 36x42,none
A_hdpe_cutboard,B07JWJZ67C,May 8 2026,HDPE Cutting Board Sheet Yellow 3/4 x 12x36,none
D_other_plastic,B09XGTQLS7,May 8 2026,Extruded Nylon Sheet Gray 3/8 x 36x36,none
A_hdpe_cutboard,B0D8BT4MJ6,May 8 2026,HDPE Cutting Board Sheet Red 3/4 x 18x30,none
A_hdpe_cutboard,B0C9RBCRL9,May 7 2026,HDPE Cutting Board Sheet White 36x48,none
B_woodgrain,B08L44P66J,May 6 2026,HDPE Sheet Woodgrain,none
A_hdpe_cutboard,B07JJ356L5,May 6 2026,HDPE Cutting Board Sheet White 18x24,none
A_hdpe_cutboard,B07JHF8QZX,May 6 2026,HDPE Cutting Board Sheet Red 1/2 x 12x30,$79
A_hdpe_cutboard,B07JJYKBH2,May 6 2026,HDPE Cutting Board Sheet Yellow 1/2 x 24x42,none
B_woodgrain,B08L46RY6Q,May 6 2026,Teak Woodgrain HDPE Sheet 1/2 x 12x12,$40
A_hdpe_cutboard,B07JJ2QHMV,May 6 2026,HDPE Cutting Board Sheet Red 1/2 x 18x18,none
A_hdpe_cutboard,B09L1HR3L7,May 6 2026,HDPE Cutting Board Sheet White 3/8 x 12x36,none
B_woodgrain,B08L43KB27,May 6 2026,HDPE Sheet Woodgrain,none
A_hdpe_cutboard,B0D8C7RNWC,May 6 2026,HDPE Cutting Board Sheet Red 1 x 18x24,none
A_hdpe_cutboard,B09LWR7BK2,May 6 2026,HDPE Cutting Board Sheet Blue 1/2 x 12x24,none
B_woodgrain,B08L44STP3,May 6 2026,Whitewash Woodgrain HDPE Sheet 1/2 x 18x30,none
C_oem_cutboard,B0DKPG53YS,May 6 2026,Cutting Board OEM Continental 18-7/8 x 92.25,none
A_hdpe_cutboard,B0D8BXTKVJ,May 6 2026,HDPE Cutting Board Sheet Black 3/8 x 18x24,none
A_hdpe_cutboard,B09L8NZ69P,May 5 2026,HDPE Cutting Board Sheet White 1 x 30x30,none
A_hdpe_cutboard,B07XYB23MN,May 5 2026,HDPE Cutting Board Sheet Beige 1/2 x 24x24,none
A_hdpe_cutboard,B07JJYHKXS,May 5 2026,HDPE Cutting Board Sheet Green 1/2 x 30x36,none
A_hdpe_cutboard,B09MJR3SHC,May 5 2026,HDPE Cutting Board Sheet Green 3/4 x 12x24,none
A_hdpe_cutboard,B07JHFFSWN,May 5 2026,HDPE Cutting Board Sheet Blue 3/4 x 24x30,none
A_hdpe_cutboard,B07JJYHXLS,May 5 2026,HDPE Cutting Board Sheet Yellow 3/4 x 12x18,none
A_hdpe_cutboard,B0D8BW7PGY,May 5 2026,HDPE Cutting Board Sheet Yellow 3/4 x 18x42,none
A_hdpe_cutboard,B0D8C2X1LS,May 5 2026,HDPE Cutting Board Sheet Black 1 x 12x18,$168
A_hdpe_cutboard,B09LWS1B7K,May 5 2026,HDPE Cutting Board Sheet Blue 1/2 x 24x30,none
A_hdpe_cutboard,B07JJVBYW6,May 3 2026,HDPE Cutting Board Sheet White 5/8 x 30x30,none
A_hdpe_cutboard,B09LWVW1VS,May 3 2026,HDPE Cutting Board Sheet Blue 1/2 x 24x36,none
A_hdpe_cutboard,B07JJVBXCD,May 3 2026,HDPE Cutting Board Sheet Yellow 3/4 x 18x18,none
A_hdpe_cutboard,B0D8BZH97B,May 3 2026,HDPE Cutting Board Sheet Beige 3/4 x 18x48,none
C_oem_cutboard,B0GY1T4MGB,May 3 2026,Cutting Board OEM True 30 x 93.25,none
A_hdpe_cutboard,B0D8CNBC3S,May 3 2026,HDPE Cutting Board Sheet Red 1 x 12x12,none
A_hdpe_cutboard,B0C9RBWR54,May 3 2026,HDPE Cutting Board Sheet Black 3/8 x 24x48,none
A_hdpe_cutboard,B09LWZ5MRJ,May 3 2026,HDPE Cutting Board Sheet Blue 1/2 x 18x36,none
C_oem_cutboard,B0GY27F254,May 3 2026,Cutting Board OEM Beverage Air 19 x 67,none
A_hdpe_cutboard,B09L8NV6S5,May 3 2026,HDPE Cutting Board Sheet Natural White 3/4 x 12x24,none
A_hdpe_cutboard,B09L8MJPSL,May 3 2026,HDPE Cutting Board Sheet White 1/4 x 18x24,none
A_hdpe_cutboard,B0D8C7KM2X,May 3 2026,HDPE Cutting Board Sheet Black 1 x 18x48,none
C_oem_cutboard,B0DKPGRW75,May 3 2026,Cutting Board OEM Avantco 11.5 x 60.125 SCL2-60,none
A_hdpe_cutboard,B07JWK8XVB,May 3 2026,HDPE Cutting Board Sheet Natural White 5/8 x 36x36,none
A_hdpe_cutboard,B07JWLMMPK,May 3 2026,HDPE Cutting Board Sheet Green 1/2 x 36x42,none
A_hdpe_cutboard,B07XYCKZ86,May 3 2026,HDPE Cutting Board Sheet Beige 1/2 x 24x36,none
A_hdpe_cutboard,B07XYBVW6M,May 3 2026,HDPE Cutting Board Sheet White 18x42,none
B_woodgrain,B08L43STKN,May 3 2026,HDPE Sheet Woodgrain,none
B_woodgrain,B08L45GGZM,May 3 2026,Whitewash Woodgrain HDPE Sheet 1/2 x 12x66,none
A_hdpe_cutboard,B09L8P41RC,May 3 2026,HDPE Cutting Board Sheet Natural White 3/8 x 24x42,none
B_woodgrain,B08L45Z8WT,May 3 2026,HDPE Sheet Woodgrain,none
A_hdpe_cutboard,B07JHF8W61,May 3 2026,HDPE Cutting Board Sheet Blue 3/4 x 12x12,none
A_hdpe_cutboard,B07XYF9ZBM,May 2 2026,HDPE Cutting Board Sheet White 18x24,none
A_hdpe_cutboard,B07XYCBM8D,May 2 2026,HDPE Cutting Board Sheet White 24x42,none
A_hdpe_cutboard,B07JJYHNFP,May 2 2026,HDPE Cutting Board Sheet Yellow 3/4 x 36x48,none
A_hdpe_cutboard,B0D8BT8PV5,May 2 2026,HDPE Cutting Board Sheet Red 3/4 x 12x18,none
A_hdpe_cutboard,B07JJYH2K6,May 2 2026,HDPE Cutting Board Sheet Yellow 3/4 x 18x36,none
A_hdpe_cutboard,B07JJLC4C9,May 2 2026,HDPE Cutting Board Sheet Red 1/2 x 18x48,none
A_hdpe_cutboard,B0D8BX9V85,May 2 2026,HDPE Cutting Board Sheet Beige 3/4 x 18x24,none
A_hdpe_cutboard,B07JJ2XJ7P,May 2 2026,HDPE Cutting Board Sheet Black 1/4 x 18x18,none
A_hdpe_cutboard,B0D8C7TMBT,May 2 2026,HDPE Cutting Board Sheet Red 1 x 18x36,none
C_oem_cutboard,B0DKPHFR36,May 2 2026,Cutting Board OEM Kairak 15 x 68 W15,none
A_hdpe_cutboard,B07JJC6C8G,May 2 2026,HDPE Cutting Board Sheet Red 1/2 x 18x42,none
A_hdpe_cutboard,B0D8BX5BMR,May 2 2026,HDPE Cutting Board Sheet Red 3/4 x 24x36,none
A_hdpe_cutboard,B0D8BWXWTN,May 2 2026,HDPE Cutting Board Sheet Beige 3/4 x 12x36,none
A_hdpe_cutboard,B07JJ35BYR,May 2 2026,HDPE Cutting Board Sheet Black 1/4 x 12x18 Pack of 2,none
A_hdpe_cutboard,B07JJLG4XD,May 2 2026,HDPE Cutting Board Sheet Black 1/4 x 18x36,$80
A_hdpe_cutboard,B09LWVX75W,May 2 2026,HDPE Cutting Board Sheet Blue 1/2 x 30x48,none
A_hdpe_cutboard,B0D88RSFYY,May 2 2026,HDPE Cutting Board Sheet Green 1/2 x 18x18,none
A_hdpe_cutboard,B0D8C421WN,May 1 2026,HDPE Cutting Board Sheet White 36x42,none
E_chemical,B0GBZVJDQX,May 1 2026,Weld-On #4 Cement DCM TCE Free Oz Pack of 3 (EVAL COMPLETE),$204
E_chemical,B0GBYVQY6N,May 1 2026,Weld-On #4 Cement DCM TCE Free Oz Pack of 2 (EVAL COMPLETE),$604
E_chemical,B0GBZQZ868,May 1 2026,Weld-On #4 Cement DCM TCE Free Oz Pack of 5 (EVAL COMPLETE),$154
E_chemical,B0GBZXWBZR,May 1 2026,Weld-On #4 Cement DCM TCE Free Oz Pack of 4 (EVAL COMPLETE),$67
E_chemical,B0GBZPG8J1,May 1 2026,Weld-On #3 Acrylic Cement DCM TCE Free Quart Pack of 6 (EVAL COMPLETE),none
E_chemical,B0G9BKYTRG,May 1 2026,Weld-On #4 Acrylic Cement DCM TCE Free Pint Pack of 2,$68
E_chemical,B0CL1FN5MC,Apr 30 2026,Weld-On #2007 Cement Pint with Applicator,$2525
E_chemical,B0CL171S6Z,Apr 30 2026,Weld-On #4052 Cement Pint with Applicator,$705
E_chemical,B0CL134LWC,Apr 30 2026,Weld-On #4784 Cement Pint with Applicator,$70
E_chemical,B0GC173LLD,Apr 29 2026,Weld-On #3 Acrylic Cement DCM TCE Free Oz Pack of 4,none
A_hdpe_cutboard,B0D8BT98SK,Apr 29 2026,HDPE Cutting Board Sheet Beige 3/4 x 24x36,none
C_oem_cutboard,B0DLL85QVW,Apr 29 2026,Cutting Board OEM Continental 11-13/16 x 36 L11,none
C_oem_cutboard,B0GY248KBD,Apr 29 2026,Cutting Board OEM Master 9.5 x 60.38,none
A_hdpe_cutboard,B0GY21YLM4,Apr 29 2026,(no product name listed),none
A_hdpe_cutboard,B0D888H3VX,Apr 29 2026,HDPE Cutting Board Sheet Green 1/2 x 12x30,none
B_woodgrain,B08L45ZQ6W,Apr 29 2026,Mahogany Woodgrain HDPE Sheet 1/2 x 12x48,none
D_other_plastic,B00FEPCKT0,Apr 29 2026,Nylon Sheet Black 3/4 x 24x24,none
A_hdpe_cutboard,B09LWW4YLG,Apr 29 2026,HDPE Cutting Board Sheet White 30x36,none
C_oem_cutboard,B0GY5RZM75,Apr 29 2026,Cutting Board OEM Beverage Air 29 x 36,none
A_hdpe_cutboard,B07JJCFGV9,Apr 29 2026,HDPE Cutting Board Sheet White 24x48,none
A_hdpe_cutboard,B09L8NF8NJ,Apr 29 2026,HDPE Cutting Board Sheet Natural White 3/8 x 12x24,none
A_hdpe_cutboard,B07JJLG4M3,Apr 29 2026,HDPE Cutting Board Sheet Red 1/2 x 24x36,none
A_hdpe_cutboard,B0D8BXDT22,Apr 29 2026,HDPE Cutting Board Sheet Green 3/4 x 12x48,none
A_hdpe_cutboard,B09L8P1ZV8,Apr 29 2026,HDPE Cutting Board Sheet White 3/8 x 12x42,none
C_oem_cutboard,B0DLL7WGBB,Apr 29 2026,Cutting Board OEM Continental 10 x 67.25 5-317,none
B_woodgrain,B08L43P7MS,Apr 29 2026,HDPE Sheet Woodgrain,none
B_woodgrain,B08L42DV3L,Apr 29 2026,Mahogany Woodgrain HDPE Sheet 1/2 x 30x54,none
A_hdpe_cutboard,B0D8BZCT28,Apr 29 2026,HDPE Cutting Board Sheet Black 3/8 x 18x36,none
A_hdpe_cutboard,B0D8BWWT3X,Apr 29 2026,HDPE Cutting Board Sheet Beige 3/4 x 24x42,none
A_hdpe_cutboard,B0D8CJ8C4Y,Apr 29 2026,HDPE Cutting Board Sheet Red 1 x 30x30,none
B_woodgrain,B08L44LNY3,Apr 29 2026,Teak Woodgrain HDPE Sheet 1/2 x 12x42,$87
A_hdpe_cutboard,B07JJVCR2Q,Apr 29 2026,HDPE Cutting Board Sheet White 1 x 36x48,none
A_hdpe_cutboard,B07JHF8VHF,Apr 29 2026,HDPE Cutting Board Sheet Blue 3/4 x 12x30,none
B_woodgrain,B08L438BT7,Apr 29 2026,HDPE Sheet Woodgrain,none
A_hdpe_cutboard,B0D8BX39WN,Apr 29 2026,HDPE Cutting Board Sheet Yellow 3/4 x 30x48,none
A_hdpe_cutboard,B07XYD96JF,Apr 29 2026,HDPE Cutting Board Sheet Beige 1/2 x 30x42,none
C_oem_cutboard,B0DLL8N4X9,Apr 29 2026,Cutting Board OEM Continental 18-7/8 x 36 5-327,none
A_hdpe_cutboard,B07JJVBLHW,Apr 29 2026,HDPE Cutting Board Sheet White 12x42,none
A_hdpe_cutboard,B07JJYFYND,Apr 29 2026,HDPE Cutting Board Sheet Yellow 3/4 x 30x30,none
A_hdpe_cutboard,B0D8BRWSJH,Apr 26 2026,HDPE Cutting Board Sheet Beige 3/4 x 24x24,none
D_other_plastic,B0GY5YX75F,Apr 26 2026,Polycarbonate Sheet Clear 0.03 x 18x18 Pack of 4,none
D_other_plastic,B0GY5XFJYG,Apr 26 2026,Cast Acrylic Sheet Clear 1/8 x 12x30,none
D_other_plastic,B0GY61Y2MY,Apr 26 2026,Polycarbonate Sheet Clear 1/8 x 12x12 Pack of 2,none
D_other_plastic,B0GY629SGP,Apr 26 2026,Polycarbonate Sheet Clear 0.03 x 12x30 Pack of 4,none
D_polypropylene,B00NB81SW2,Apr 24 2026,Polypropylene Sheet Natural 0.02 x 24x24,none
D_polypropylene,B09TC7ZBZY,Apr 24 2026,Polypropylene Rod Natural 9/16 OD x 36 Pack of 2,none
D_polypropylene,B09TBNS7WW,Apr 24 2026,Polypropylene Rod Natural 5/8 OD x 48 Pack of 4,none
D_polypropylene,B00NC1NJCK,Apr 24 2026,Polypropylene Rod Natural 1-3/4 OD x 48 Pack of 4,none
D_polypropylene,B00NC1O9GK,Apr 24 2026,Polypropylene Rod Natural 7/16 OD x 24 Pack of 4,none
D_polypropylene,B00NC1O13G,Apr 24 2026,Polypropylene Rod Natural 1-3/4 OD x 24 Pack of 6,none
D_polypropylene,B00NC1NMJ0,Apr 24 2026,Polypropylene Rod Natural 1-3/4 OD x 48 Pack of 2,none
D_polypropylene,B09TCF5G5B,Apr 24 2026,Polypropylene Rod Natural 7/16 OD x 36 Pack of 2,none
D_polypropylene,B00NB81EZI,Apr 24 2026,Polypropylene Sheet Black 1/16 x 24x48,none
D_polypropylene,B00NC1NX30,Apr 24 2026,Polypropylene Rod Natural 5/16 OD x 24 Pack of 12,none
D_polypropylene,B00NC1PG8U,Apr 23 2026,Polypropylene Rod Natural 2-1/4 OD x 12 Pack of 4,none
D_polypropylene,B00NC1NW9K,Apr 23 2026,Polypropylene Rod Natural 1-3/4 OD x 24 Pack of 4,none
D_polypropylene,B00NB81IW2,Apr 23 2026,Polypropylene Sheet Natural 1/16 x 24x48,none
D_polypropylene,B09TBZZSXH,Apr 23 2026,Polypropylene Rod Natural 7/16 OD x 72 Pack of 2,none
D_polypropylene,B09TCHNXLD,Apr 23 2026,Polypropylene Rod Natural 9/16 OD x 48 Pack of 2,none
D_polypropylene,B09TCR5RGN,Apr 23 2026,Polypropylene Rod Natural 5/16 OD x 24 Pack of 6,none
D_polypropylene,B09TC5Q3JQ,Apr 23 2026,Polypropylene Rod Natural 1-3/4 OD x 60,none
D_polypropylene,B00NC1Q1QG,Apr 23 2026,Polypropylene Rod Natural 5/8 OD x 48 Pack of 2,none
D_polypropylene,B00NC1OCQM,Apr 23 2026,Polypropylene Rod Natural 7/16 OD x 24 Pack of 6,none
D_polypropylene,B0BS27PCD7,Apr 23 2026,Polypropylene Sheet Black 1/16 x 36x48,none
D_polypropylene,B09TBM8T5B,Apr 23 2026,Polypropylene Rod Natural 1-3/4 OD x 72,none
D_polypropylene,B0BRL7XS4Y,Apr 23 2026,Polypropylene Rod Natural 1-3/4 OD x 24,none
D_polypropylene,B00NC1P83I,Apr 23 2026,Polypropylene Rod Natural 2-1/4 OD x 24 Pack of 4,none
D_polypropylene,B0BS1QXYJ4,Apr 23 2026,Polypropylene Sheet Black 1/16 x 24x36,none
D_polypropylene,B09TCQKND1,Apr 23 2026,Polypropylene Rod Natural 5/16 OD x 48 Pack of 6,none
D_polypropylene,B00NC1Q87S,Apr 23 2026,Polypropylene Rod Natural 5/8 OD x 12 Pack of 8,none
D_polypropylene,B09TCNFK62,Apr 23 2026,Polypropylene Rod Natural 7/16 OD x 24 Pack of 2,none
D_polypropylene,B0BS1R9WNF,Apr 23 2026,Polypropylene Sheet Black 1/16 x 12x48,none
D_polypropylene,B00NC1PNNS,Apr 23 2026,Polypropylene Rod Natural 9/16 OD x 24 Pack of 4,none
D_polypropylene,B0GKJ9V6RD,Apr 23 2026,Polypropylene Sheet Natural 1/16 x 24x36,none
D_polypropylene,B00NB81PZ2,Apr 23 2026,Polypropylene Sheet Natural 0.02 x 12x12,none
D_polypropylene,B00NB81RFA,Apr 23 2026,Polypropylene Sheet Natural 0.02 x 12x24,none
D_polypropylene,B09TCQV61N,Apr 23 2026,Polypropylene Rod Natural 9/16 OD x 72 Pack of 2,none
D_polypropylene,B0BS1Q3W2F,Apr 23 2026,Polypropylene Sheet Black 1/16 x 12x24,none
D_polypropylene,B09TC19DYF,Apr 23 2026,Polypropylene Rod Natural 1-3/4 OD x 48,none
D_polypropylene,B09TC7HR8G,Apr 23 2026,Polypropylene Rod Natural 5/16 OD x 12 Pack of 12,$21
D_polypropylene,B00NC1QF2G,Apr 23 2026,Polypropylene Rod Natural 4 OD x 24,none
D_polypropylene,B09TC8KJQW,Apr 23 2026,Polypropylene Rod Natural 5/16 OD x 72 Pack of 6,none
D_polypropylene,B00NC1P3Y2,Apr 23 2026,Polypropylene Rod Natural 1/2 OD x 24 Pack of 6,none
D_polypropylene,B0BS1S2Z8G,Apr 23 2026,Polypropylene Sheet White,none
D_polypropylene,B0BRL8FFQ7,Apr 23 2026,Polypropylene Sheet Natural,none
D_polypropylene,B09TBPJS26,Apr 23 2026,Polypropylene Rod Natural 9/16 OD x 12 Pack of 4,none
D_polypropylene,B09TBLJRCG,Apr 23 2026,Polypropylene Rod Natural 2-1/4 OD x 60,none
D_polypropylene,B09TC98CFV,Apr 23 2026,Polypropylene Rod Natural 1-3/4 OD x 12,$48
D_polypropylene,B0BRL6VPLK,Apr 23 2026,Polypropylene Sheet White,none
D_polypropylene,B0BRL6FVL5,Apr 23 2026,Polypropylene Sheet Natural,none
D_polypropylene,B0BS1RF4T9,Apr 23 2026,Polypropylene Sheet White,none
D_polypropylene,B09TCSY4QZ,Apr 23 2026,Polypropylene Rod Natural 5/16 OD x 60 Pack of 6,none
D_polypropylene,B09TC83QSF,Apr 23 2026,Polypropylene Rod Natural 7/8 OD x 24 Pack of 2,none
D_polypropylene,B09TBZZX8L,Apr 23 2026,Polypropylene Rod Natural 7/8 OD x 12 Pack of 4,none
D_polypropylene,B00NC1QF58,Apr 23 2026,Polypropylene Rod Natural 7/8 OD x 48 Pack of 4,none
D_polypropylene,B00NC1OMLW,Apr 23 2026,Polypropylene Rod Natural 1/2 OD x 48 Pack of 4,none
D_polypropylene,B09TC9PRNQ,Apr 23 2026,Polypropylene Rod Natural 7/16 OD x 48 Pack of 2,none
D_polypropylene,B09TBNH3JH,Apr 23 2026,Polypropylene Rod Natural 7/8 OD x 48 Pack of 2,none
D_polypropylene,B0BS1SHSRR,Apr 23 2026,Polypropylene Sheet Natural,none
D_polypropylene,B0BS1XN274,Apr 23 2026,Polypropylene Sheet Natural,none
D_polypropylene,B00NB81ZMK,Apr 23 2026,Polypropylene Sheet Natural 3/16 x 24x24,none
D_polypropylene,B00NPAFFPC,Apr 23 2026,Polypropylene Sheet Natural 0.02 x 24.62x25.75,none
D_polypropylene,B0BS1SCD4X,Apr 23 2026,Polypropylene Sheet Natural,none
D_polypropylene,B00NC1QKTO,Apr 23 2026,Polypropylene Rod Natural 7/8 OD x 24 Pack of 4,$28
D_polypropylene,B00NB81DOU,Apr 23 2026,Polypropylene Sheet Natural 1/16 x 24x24,none
D_polypropylene,B0BS29MS77,Apr 23 2026,Polypropylene Sheet White,none
D_polypropylene,B0BRQWCQ51,Apr 23 2026,Polypropylene Rod Natural 2-1/4 OD x 48,none
D_polypropylene,B09TCKWDZ4,Apr 23 2026,Polypropylene Rod Natural 2-1/4 OD x 24,none
D_polypropylene,B0BS29NP9H,Apr 23 2026,Polypropylene Sheet Natural,none
D_polypropylene,B00NB823I0,Apr 23 2026,Polypropylene Sheet Natural 3/16 x 24x48,none
D_polypropylene,B00NC1PRB6,Apr 23 2026,Polypropylene Rod Natural 9/16 OD x 12 Pack of 8,none
D_polypropylene,B00NC1QQT8,Apr 23 2026,Polypropylene Rod Natural 7/8 OD x 12 Pack of 8,$55
D_polypropylene,B0BS4DZQYR,Apr 23 2026,Polypropylene Sheet White,none
D_polypropylene,B00NC1P0PY,Apr 23 2026,Polypropylene Rod Natural 1/2 OD x 24 Pack of 4,$30
D_polypropylene,B00NB81J12,Apr 23 2026,Polypropylene Sheet White 3/16 x 24x24,none
D_polypropylene,B0BS1RVN4X,Apr 23 2026,Polypropylene Sheet White,none
D_polypropylene,B09TCH6DRY,Apr 23 2026,Polypropylene Rod Natural 1-3/4 OD x 24,none
D_polypropylene,B0GY9F3G7C,Apr 23 2026,Polypropylene Sheet Natural 0.02 x 24x24,none
D_polypropylene,B09TBM8KF9,Apr 23 2026,Polypropylene Rod Natural 2-1/4 OD x 36,none
D_polypropylene,B0BS1RFGLM,Apr 23 2026,Polypropylene Sheet Natural,none
D_polypropylene,B00NC1Q5E4,Apr 23 2026,Polypropylene Rod Natural 5/8 OD x 24 Pack of 6,none
D_polypropylene,B0BS1XN271,Apr 23 2026,Polypropylene Sheet Natural,none
D_polypropylene,B0GY9SW5XQ,Apr 23 2026,Polypropylene Rod Natural 1/2 OD x 24 Pack of 6,none
D_polypropylene,B00NC1NU06,Apr 23 2026,Polypropylene Rod Natural 5/16 OD x 24 Pack of 8,none
D_polypropylene,B0GY9LCVNP,Apr 23 2026,Polypropylene Sheet Natural 0.03 x 24x36,none
D_polypropylene,B0GY9Q2LB6,Apr 23 2026,Polypropylene Rod Natural 5/8 OD x 72 Pack of 4,none
D_polypropylene,B0GY9MGVZV,Apr 23 2026,Polypropylene Sheet Natural 0.02 x 36x48,none
D_polypropylene,B0GY9Z5D4W,Apr 23 2026,Polypropylene Rod Natural 7/8 OD x 60 Pack of 2,none
D_polypropylene,B0GY9LCVPL,Apr 23 2026,Polypropylene Rod Natural 1/2 OD x 24 Pack of 2,none
D_polypropylene,B0GY9JT2S6,Apr 23 2026,Polypropylene Sheet Natural 0.03 x 12x24,none
D_polypropylene,B0GY9N19YJ,Apr 23 2026,Polypropylene Sheet Natural 1/16 x 12x36,none
D_polypropylene,B0GY9QQ9XZ,Apr 23 2026,Polypropylene Rod Natural 7/8 OD x 36 Pack of 2,none
D_polypropylene,B0GY9VXBJC,Apr 23 2026,Polypropylene Sheet White,none
D_polypropylene,B0GY9F6YR7,Apr 23 2026,Polypropylene Sheet Natural 0.03 x 24x48,none
D_polypropylene,B0GY9QDRKR,Apr 23 2026,Polypropylene Sheet Natural 0.02 x 12x12,none
D_polypropylene,B0GY9KQKLB,Apr 23 2026,Polypropylene Rod Natural 7/16 OD x 24 Pack of 2,none
D_polypropylene,B0GY9Q8922,Apr 23 2026,Polypropylene Sheet Natural 1/16 x 24x48,none
D_polypropylene,B0GY9HHT9D,Apr 23 2026,Polypropylene Rod Natural 9/16 OD x 24 Pack of 6,none
D_polypropylene,B0GY9LDLCZ,Apr 23 2026,Polypropylene Rod Natural 7/16 OD x 24 Pack of 6,none
D_polypropylene,B0GY9N1NC5,Apr 23 2026,Polypropylene Rod Natural 7/8 OD x 72 Pack of 2,none
D_polypropylene,B0GY9LBBBW,Apr 23 2026,Polypropylene Sheet Natural 0.02 x 12x24,none
D_polypropylene,B0GY9R5V4N,Apr 23 2026,Polypropylene Rod Natural 1/2 OD x 24 Pack of 4,none
D_polypropylene,B0GY9NVDGJ,Apr 23 2026,Polypropylene Sheet Natural 1/16 x 36x48,none
D_polypropylene,B0GY9FTZFW,Apr 23 2026,Polypropylene Rod Natural 5/8 OD x 12 Pack of 8,none
D_polypropylene,B09TBL8CB4,Apr 23 2026,Polypropylene Rod Natural 2-1/4 OD x 72,none
D_polypropylene,B0GY9FJGZY,Apr 23 2026,Polypropylene Sheet Natural 0.03 x 36x36,none
D_polypropylene,B0GY9DL2LR,Apr 23 2026,Polypropylene Sheet Natural 0.03 x 36x48,none
D_polypropylene,B0GY9Q8XVY,Apr 23 2026,Polypropylene Sheet Natural 0.03 x 24x24,none
D_polypropylene,B0GY9G697P,Apr 23 2026,Polypropylene Sheet Natural 0.02 x 24x48,none
D_polypropylene,B0GY9MM7MW,Apr 23 2026,Polypropylene Sheet Natural 0.02 x 12x48,none
D_polypropylene,B0GY9B8CK1,Apr 23 2026,Polypropylene Rod Natural 5/8 OD x 36 Pack of 4,none
D_polypropylene,B0GY9MB2D4,Apr 23 2026,Polypropylene Rod Natural 1/2 OD x 12 Pack of 4,none
D_polypropylene,B0BS1RY249,Apr 23 2026,Polypropylene Sheet Natural,none
D_polypropylene,B0GY9TWM38,Apr 23 2026,Polypropylene Sheet Natural 0.03 x 12x36,none
D_polypropylene,B0GY9MZ85F,Apr 23 2026,Polypropylene Rod Natural 1/2 OD x 36 Pack of 2,none
D_polypropylene,B0GY9QJKXN,Apr 23 2026,Polypropylene Rod Natural 7/16 OD x 60 Pack of 2,none
D_polypropylene,B0GY9T3PZ7,Apr 23 2026,Polypropylene Sheet Natural 1/16 x 12x12,none
D_polypropylene,B0BS29MYTV,Apr 23 2026,Polypropylene Sheet White,none
D_polypropylene,B0GY9M7RYR,Apr 23 2026,Polypropylene Sheet Natural 1/16 x 24x24,none
D_polypropylene,B0GY9QTFL6,Apr 23 2026,Polypropylene Rod Natural 1/2 OD x 72 Pack of 2,none
D_polypropylene,B0GY9RDG49,Apr 23 2026,Polypropylene Sheet Natural 0.02 x 36x36,none
D_polypropylene,B0GY9SK4WJ,Apr 23 2026,Polypropylene Rod Natural 9/16 OD x 12 Pack of 8,none
D_polypropylene,B0GY9L6YBN,Apr 23 2026,Polypropylene Sheet Natural 1/16 x 12x24,none
D_polypropylene,B0GY9Q6KYR,Apr 23 2026,Polypropylene Sheet Natural 0.02 x 12x36,none
D_polypropylene,B0GY9QR116,Apr 23 2026,Polypropylene Rod Natural 5/8 OD x 60 Pack of 4,none
D_polypropylene,B0GY9L513J,Apr 23 2026,Polypropylene Sheet Natural 0.02 x 24x36,none
D_polypropylene,B0GY9Q9WVM,Apr 23 2026,Polypropylene Sheet Natural 1/16 x 12x48,none
D_polypropylene,B0GY9PPKYW,Apr 23 2026,Polypropylene Sheet Natural 1/16 x 24x36,none
D_polypropylene,B0GY9H19LL,Apr 23 2026,Polypropylene Sheet White,none
D_polypropylene,B0GY9F6YR2,Apr 23 2026,Polypropylene Sheet Natural 0.03 x 12x12,none
D_polypropylene,B0GY9S18SZ,Apr 23 2026,Polypropylene Sheet Natural 0.03 x 12x48,none
D_polypropylene,B0GY9S71ML,Apr 23 2026,Polypropylene Sheet Natural 1/16 x 36x36,none
D_polypropylene,B0GY9SQYMJ,Apr 23 2026,Polypropylene Sheet Black 1/16 x 24x48,none
D_other_plastic,B09ZBG8SFT,Apr 23 2026,UHMW Rod Natural 1-1/2 OD x 36,none
D_polypropylene,B0GY7644HW,Apr 23 2026,Polypropylene Sheet White,none
D_polypropylene,B0GY76JC89,Apr 23 2026,Polypropylene Sheet White,none
D_polypropylene,B0GY7N3D1Z,Apr 23 2026,Polypropylene Sheet White,none
D_polypropylene,B0GY71HTYH,Apr 23 2026,Polypropylene Sheet White,none
D_polypropylene,B00NC1PQ3A,Apr 23 2026,Polypropylene Rod Natural 2-3/4 OD x 24 Pack of 4,none
D_polypropylene,B0BS1QHB5V,Apr 23 2026,Polypropylene Sheet Natural 1/16 x 12x12,none
D_polypropylene,B00NC1Q5MG,Apr 23 2026,Polypropylene Rod Natural 3-3/4 OD x 24,none
D_polypropylene,B09TCKTN9N,Apr 23 2026,Polypropylene Rod Natural 3-3/4 OD x 12,none
D_polypropylene,B0BS1RYMXX,Apr 23 2026,Polypropylene Sheet White,none
D_polypropylene,B09TBKXQ25,Apr 23 2026,Polypropylene Rod Natural 4 OD x 72,none
D_polypropylene,B00NC1PYDC,Apr 23 2026,Polypropylene Rod Natural 2-3/4 OD x 12 Pack of 4,none
D_polypropylene,B09TBM8KF8,Apr 23 2026,Polypropylene Rod Natural 4 OD x 60,none
D_polypropylene,B0BS1SG3YL,Apr 23 2026,Polypropylene Sheet Natural 1/16 x 12x36,$67
D_polypropylene,B09TBL21J8,Apr 23 2026,Polypropylene Rod Natural 3-3/4 OD x 36,none
D_polypropylene,B09TBK8FS3,Apr 23 2026,Polypropylene Rod Natural 2-3/4 OD x 72,none
D_polypropylene,B00NC1PNTW,Apr 23 2026,Polypropylene Rod Natural 2-3/4 OD x 24,none
D_polypropylene,B09TBLZ9Y9,Apr 23 2026,Polypropylene Rod Natural 3-3/4 OD x 72,none
D_polypropylene,B09TCNRS8F,Apr 23 2026,Polypropylene Rod Natural 2-1/4 OD x 12,none
D_polypropylene,B00NC1OGYU,Apr 23 2026,Polypropylene Rod Natural 2 OD x 48 Pack of 2,none
D_polypropylene,B0BS2686GZ,Apr 23 2026,Polypropylene Sheet White,none
D_polypropylene,B00NB81UDY,Apr 23 2026,Polypropylene Sheet Natural 1/16 x 24x48,none
D_polypropylene,B0BS1T5YCP,Apr 23 2026,Polypropylene Sheet White,none
D_polypropylene,B00NC1OTRY,Apr 23 2026,Polypropylene Rod Natural 2 OD x 12 Pack of 8,none
D_polypropylene,B0BS1SD56N,Apr 22 2026,Polypropylene Sheet White,none
D_polypropylene,B0BS2F8QRP,Apr 22 2026,Polypropylene Sheet Natural 1/16 x 12x24,none
D_polypropylene,B0BS1T2TDJ,Apr 22 2026,Polypropylene Sheet White,none
D_polypropylene,B00NC1Q83C,Apr 22 2026,Polypropylene Rod Natural 3-3/4 OD x 12 Pack of 2,none
D_polypropylene,B00NC1QAGM,Apr 22 2026,Polypropylene Rod Natural 3-3/4 OD x 12 Pack of 4,none
D_polypropylene,B0BS1RXKKJ,Apr 22 2026,Polypropylene Sheet White,none
D_polypropylene,B00NC1QH88,Apr 22 2026,Polypropylene Rod Natural 4 OD x 12 Pack of 2,none
D_polypropylene,B00NC1OLNG,Apr 22 2026,Polypropylene Rod Natural 2 OD x 24 Pack of 4,none
D_polypropylene,B09TBMWN65,Apr 22 2026,Polypropylene Rod Natural 2-3/4 OD x 36,none
D_polypropylene,B0BRL5TJHT,Apr 22 2026,Polypropylene Rod Natural 2-3/4 OD x 12,$48
D_polypropylene,B0BS1RY1QR,Apr 22 2026,Polypropylene Sheet Natural 1/16 x 36x48,none
C_oem_cutboard,B0DKPK1ZV3,Apr 22 2026,Cutting Board OEM Commercial Equipment 7.5 x 30.62 L30,none
D_polypropylene,B0BRL85T9M,Apr 22 2026,Polypropylene Sheet Natural 1/16 x 24x24,$42
D_polypropylene,B00NC1PKYU,Apr 22 2026,Polypropylene Rod Natural 2-3/4 OD x 48,none
D_polypropylene,B0BS2CG7Y8,Apr 22 2026,Polypropylene Sheet Natural 1/16 x 24x36,none
D_polypropylene,B09TBLBYH5,Apr 22 2026,Polypropylene Rod Natural 2-3/4 OD x 60,none
D_polypropylene,B0BS1SGL32,Apr 22 2026,Polypropylene Sheet White,none
D_polypropylene,B0BS1RVJSS,Apr 22 2026,Polypropylene Sheet White,none
D_polypropylene,B00NC1Q1MU,Apr 22 2026,Polypropylene Rod Natural 3-3/4 OD x 48,none
D_polypropylene,B0BRL6YSYD,Apr 22 2026,Polypropylene Rod Natural 4 OD x 12,none
D_polypropylene,B09TBZP3PT,Apr 22 2026,Polypropylene Rod Natural 3-3/4 OD x 60,none
D_polypropylene,B00NC1N4JI,Apr 22 2026,Polypropylene Rod Natural 1 OD x 24,none
D_polypropylene,B0BS1RCB7N,Apr 22 2026,Polypropylene Sheet White,none
D_polypropylene,B0BS1SL45Q,Apr 22 2026,Polypropylene Sheet Natural 1/16 x 36x36,none
D_polypropylene,B09TBL8TSH,Apr 22 2026,Polypropylene Rod Natural 4 OD x 36,none
D_polypropylene,B0BRL7V987,Apr 22 2026,Polypropylene Rod Natural 2-3/4 OD x 24,none
D_polypropylene,B00NC1N0B0,Apr 22 2026,Polypropylene Rod Natural 1 OD x 48 Pack of 2,none
D_polypropylene,B00NC1OWNA,Apr 22 2026,Polypropylene Rod Natural 2 OD x 12 Pack of 4,none
D_polypropylene,B00NC1PRYI,Apr 22 2026,Polypropylene Rod Natural 2-3/4 OD x 24 Pack of 2,none
D_polypropylene,B00NC1ODE8,Apr 22 2026,Polypropylene Rod Natural 2 OD x 48,none
D_polypropylene,B0BS28HKK8,Apr 22 2026,Polypropylene Sheet Natural 1/16 x 12x48,none
D_polypropylene,B00NC1QJF4,Apr 22 2026,Polypropylene Rod Natural 4 OD x 12 Pack of 4,none
D_polypropylene,B00NC1OQ0Y,Apr 22 2026,Polypropylene Rod Natural 2 OD x 24 Pack of 2,none
D_polypropylene,B0BS1TD14W,Apr 22 2026,Polypropylene Sheet White,none
D_polypropylene,B09TBM22XT,Apr 22 2026,Polypropylene Rod Natural 1 OD x 36,none
D_polypropylene,B0BS1S1BPW,Apr 22 2026,Polypropylene Sheet Natural,none
D_polypropylene,B00NC1QCA6,Apr 22 2026,Polypropylene Rod Natural 4 OD x 48,none
D_polypropylene,B0GY5XB327,Apr 22 2026,Polypropylene Sheet White,none
D_polypropylene,B0BS55N66Y,Apr 22 2026,Polypropylene Sheet White,none
D_polypropylene,B0BS1RJSVN,Apr 22 2026,Polypropylene Sheet White,none
D_polypropylene,B0BS1T4TQG,Apr 22 2026,Polypropylene Sheet Natural,none
D_polypropylene,B0BRQWXXF5,Apr 22 2026,Polypropylene Rod Natural 1 OD x 48,none
D_polypropylene,B0BS1W373S,Apr 22 2026,Polypropylene Sheet Natural,none
A_hdpe_cutboard,B07JWJ5Q48,Apr 22 2026,HDPE Cutting Board Sheet White 1 x 12x12,none
D_polypropylene,B0BS4FPQTP,Apr 22 2026,Polypropylene Sheet Natural,none
